{
    "incrementalRevenue": 17.301272984499416,
    "revenuePerDay": 298965.9971721499,
    "flowRateIn": 709999.8466765851,
    "flowRateToOperations": 709909.8466765851,
    "type": "OPTIMATION_RESULT",
    "currentPitVolume": 0.9184027777776432,
    "maximumPitVolume": 100000
  }